country,religion,population_proportion
Afghanistan,Christianity,4.555583985532405e-06
Afghanistan,Islam,0.0045419172335758075
Afghanistan,Hinduism,2.2777919927662025e-06
Afghanistan,Buddhism,2.2777919927662025e-06
Afghanistan,Judaism,2.2777919927662025e-06
Afghanistan,I do not identify with any religious group or faith,2.2777919927662025e-06
Afghanistan,Other religious group,4.555583985532405e-06
Albania,Christianity,8.354079515016445e-05
Albania,Islam,0.00037268476947545587
Albania,Hinduism,2.3205776430601235e-07
Albania,Buddhism,2.3205776430601235e-07
Albania,Judaism,2.3205776430601235e-07
Albania,I do not identify with any religious group or faith,6.4976174005683446e-06
Albania,Other religious group,1.1602888215300617e-06
Algeria,Christianity,1.0288861124917823e-05
Algeria,Islam,0.005036397520647274
Algeria,Hinduism,2.5722152812294557e-06
Algeria,Buddhism,2.5722152812294557e-06
Algeria,Judaism,2.5722152812294557e-06
Algeria,I do not identify with any religious group or faith,9.259975012426042e-05
Algeria,Other religious group,5.144430562458911e-06
American Samoa,Christianity,9.979934226185445e-06
American Samoa,Islam,5.07626359419402e-09
American Samoa,Hinduism,5.07626359419402e-09
American Samoa,Buddhism,3.045758156516412e-08
American Samoa,Judaism,5.07626359419402e-09
American Samoa,I do not identify with any religious group or faith,7.106769031871628e-08
American Samoa,Other religious group,7.106769031871628e-08
Andorra,Christianity,1.0384584952694053e-05
Andorra,Islam,9.282310572240495e-08
Andorra,Hinduism,5.801444107650309e-08
Andorra,Buddhism,5.801444107650309e-09
Andorra,Judaism,3.4808664645901853e-08
Andorra,I do not identify with any religious group or faith,1.0210541629464545e-06
Andorra,Other religious group,1.740433232295093e-08
Angola,Christianity,0.0025043963996110234
Angola,Islam,5.534577678698395e-06
Angola,Hinduism,1.3836444196745987e-06
Angola,Buddhism,1.3836444196745987e-06
Angola,Judaism,1.3836444196745987e-06
Angola,I do not identify with any religious group or faith,0.00014113173080680904
Angola,Other religious group,0.00011760977567234091
Anguilla,Christianity,2.62805418076559e-06
Anguilla,Islam,8.702166161475463e-09
Anguilla,Hinduism,1.1602888215300618e-08
Anguilla,Buddhism,1.4503610269125773e-09
Anguilla,Judaism,2.9007220538251546e-09
Anguilla,I do not identify with any religious group or faith,1.1602888215300617e-07
Anguilla,Other religious group,1.3053249242213195e-07
Antigua and Barbuda,Christianity,1.2139521795258272e-05
Antigua and Barbuda,Islam,7.831949545327917e-08
Antigua and Barbuda,Hinduism,2.610649848442639e-08
Antigua and Barbuda,Buddhism,6.5266246211065975e-09
Antigua and Barbuda,Judaism,6.5266246211065975e-09
Antigua and Barbuda,I do not identify with any religious group or faith,2.2190523711762433e-07
Antigua and Barbuda,Other religious group,6.004494651418069e-07
Argentina,Christianity,0.004993494391110173
Argentina,Islam,5.8609089097537244e-05
Argentina,Hinduism,2.9304544548768624e-06
Argentina,Buddhism,2.9304544548768624e-06
Argentina,Judaism,2.9304544548768622e-05
Argentina,I do not identify with any religious group or faith,0.0007150308869899544
Argentina,Other religious group,6.446999800729098e-05
Armenia,Christianity,0.00044143913395624655
Armenia,Islam,2.240807786579932e-07
Armenia,Hinduism,2.240807786579932e-07
Armenia,Buddhism,2.240807786579932e-07
Armenia,Judaism,2.240807786579932e-07
Armenia,I do not identify with any religious group or faith,5.826100245107823e-06
Armenia,Other religious group,6.722423359739797e-07
Aruba,Christianity,1.4661699621059244e-05
Aruba,Islam,3.19079425920767e-08
Aruba,Hinduism,7.976985648019174e-09
Aruba,Buddhism,1.595397129603835e-08
Aruba,Judaism,6.38158851841534e-08
Aruba,I do not identify with any religious group or faith,9.57238277762301e-07
Aruba,Other religious group,2.2335559814453694e-07
Australia,Christianity,0.00217375904666679
Australia,Islam,7.751889616642343e-05
Australia,Hinduism,4.5219356097080326e-05
Australia,Buddhism,8.720875818722638e-05
Australia,Judaism,1.614977003467155e-05
Australia,I do not identify with any religious group or faith,0.0007816488696781029
Australia,Other religious group,4.844931010401464e-05
Austria,Christianity,0.0009783497328700404
Austria,Islam,6.571005668530123e-05
Austria,Hinduism,6.084264507898261e-07
Austria,Buddhism,2.4337058031593045e-06
Austria,Judaism,2.4337058031593045e-06
Austria,I do not identify with any religious group or faith,0.00016427514171325305
Austria,Other religious group,1.8252793523694787e-06
Azerbaijan,Christianity,3.998645351197975e-05
Azerbaijan,Islam,0.001291562448436946
Azerbaijan,Hinduism,6.664408918663293e-07
Azerbaijan,Buddhism,6.664408918663293e-07
Azerbaijan,Judaism,6.664408918663293e-07
Azerbaijan,I do not identify with any religious group or faith,6.664408918663293e-07
Azerbaijan,Other religious group,1.3328817837326586e-06
Bahamas,Christianity,4.733978391842652e-05
Bahamas,Islam,4.9312274915027624e-08
Bahamas,Hinduism,2.4656137457513812e-08
Bahamas,Buddhism,2.4656137457513812e-08
Bahamas,Judaism,2.4656137457513812e-08
Bahamas,I do not identify with any religious group or faith,1.5286805223658563e-06
Bahamas,Other religious group,2.9587364949016575e-07
Bahrain,Christianity,2.6498095961692785e-05
Bahrain,Islam,0.00012847007904186227
Bahrain,Hinduism,1.7909057960316502e-05
Bahrain,Buddhism,4.568637234774618e-06
Bahrain,Judaism,1.0964729363459084e-06
Bahrain,I do not identify with any religious group or faith,3.47216429842871e-06
Bahrain,Other religious group,4.568637234774618e-07
Bangladesh,Christianity,4.313083621832622e-05
Bangladesh,Islam,0.019365745462028475
Bangladesh,Hinduism,0.001962453047933843
Bangladesh,Buddhism,0.00010782709054581555
Bangladesh,Judaism,1.0782709054581555e-05
Bangladesh,I do not identify with any religious group or faith,1.0782709054581555e-05
Bangladesh,Other religious group,9.704438149123402e-05
Barbados,Christianity,3.728007983576089e-05
Barbados,Islam,3.915974772663959e-07
Barbados,Hinduism,1.5663899090655834e-07
Barbados,Buddhism,1.9579873863319793e-08
Barbados,Judaism,1.9579873863319793e-08
Barbados,I do not identify with any religious group or faith,7.440352068061521e-07
Barbados,Other religious group,5.67816342036274e-07
Belarus,Christianity,0.000991350769115285
Belarus,Islam,2.7846931716721483e-06
Belarus,Hinduism,6.961732929180371e-07
Belarus,Buddhism,6.961732929180371e-07
Belarus,Judaism,6.961732929180371e-07
Belarus,I do not identify with any religious group or faith,0.00039821112354911727
Belarus,Other religious group,1.3923465858360741e-06
Belgium,Christianity,0.0009972421356066036
Belgium,Islam,9.164686292957884e-05
Belgium,Hinduism,7.766683299116851e-07
Belgium,Buddhism,3.1066733196467403e-06
Belgium,Judaism,4.660009979470111e-06
Belgium,I do not identify with any religious group or faith,0.00045046763134877737
Belgium,Other religious group,3.8833416495584255e-06
Belize,Christianity,3.938600404683794e-05
Belize,Islam,4.496119183428989e-08
Belize,Hinduism,8.992238366857978e-08
Belize,Buddhism,2.2480595917144947e-07
Belize,Judaism,4.4961191834289893e-07
Belize,I do not identify with any religious group or faith,4.001546073251801e-06
Belize,Other religious group,7.193790693486383e-07
Benin,Christianity,0.0006802918396733444
Benin,Islam,0.00030548954309859614
Benin,Hinduism,6.417847544088154e-07
Benin,Buddhism,6.417847544088154e-07
Benin,Judaism,6.417847544088154e-07
Benin,I do not identify with any religious group or faith,6.417847544088154e-05
Benin,Other religious group,0.00023296786585040003
Bermuda,Christianity,6.526624621106597e-06
Bermuda,Islam,9.572382777623011e-08
Bermuda,Hinduism,4.351083080737732e-09
Bermuda,Buddhism,4.351083080737732e-08
Bermuda,Judaism,2.610649848442639e-08
Bermuda,I do not identify with any religious group or faith,1.6882202353262396e-06
Bermuda,Other religious group,3.306823141360676e-07
Bhutan,Christianity,5.293817748230907e-07
Bhutan,Islam,2.1175270992923628e-07
Bhutan,Hinduism,2.39280562220037e-05
Bhutan,Buddhism,7.908963715856975e-05
Bhutan,Judaism,5.293817748230907e-08
Bhutan,I do not identify with any religious group or faith,5.293817748230907e-08
Bhutan,Other religious group,2.0645889218100536e-06
Bolivia,Christianity,0.0013523557812410137
Bolivia,Islam,7.201042498620946e-07
Bolivia,Hinduism,7.201042498620946e-07
Bolivia,Buddhism,7.201042498620946e-07
Bolivia,Judaism,7.201042498620946e-07
Bolivia,I do not identify with any religious group or faith,5.904854848869175e-05
Bolivia,Other religious group,2.7363961494759596e-05
Bosnia-Herzegovina,Christianity,0.0002852105952203045
Bosnia-Herzegovina,Islam,0.0002464917572458463
Bosnia-Herzegovina,Hinduism,2.726678730595645e-07
Bosnia-Herzegovina,Buddhism,2.726678730595645e-07
Bosnia-Herzegovina,Judaism,2.726678730595645e-07
Bosnia-Herzegovina,I do not identify with any religious group or faith,1.3633393652978226e-05
Bosnia-Herzegovina,Other religious group,5.45335746119129e-07
Botswana,Christianity,0.0002101877703811976
Botswana,Islam,1.1660902656377121e-06
Botswana,Hinduism,8.745676992282841e-07
Botswana,Buddhism,1.4576128320471402e-07
Botswana,Judaism,1.4576128320471402e-07
Botswana,I do not identify with any religious group or faith,6.0053648680342184e-05
Botswana,Other religious group,1.924048938302225e-05
Brazil,Christianity,0.025136286727278356
Brazil,Islam,1.4137394109830347e-05
Brazil,Hinduism,1.4137394109830347e-05
Brazil,Buddhism,2.8274788219660695e-05
Brazil,Judaism,1.4137394109830347e-05
Brazil,I do not identify with any religious group or faith,0.0022337082693531947
Brazil,Other religious group,0.0008482436465898208
British Virgin Islands,Christianity,2.4511101354822554e-06
British Virgin Islands,Islam,3.4808664645901853e-08
British Virgin Islands,Hinduism,3.4808664645901853e-08
British Virgin Islands,Buddhism,1.4503610269125773e-09
British Virgin Islands,Judaism,1.4503610269125773e-09
British Virgin Islands,I do not identify with any religious group or faith,1.1312816009918102e-07
British Virgin Islands,Other religious group,2.6686642895191423e-07
Brunei,Christianity,5.4533574611912904e-06
Brunei,Islam,4.356884524845381e-05
Brunei,Hinduism,1.7404332322950927e-07
Brunei,Buddhism,4.989241932579266e-06
Brunei,Judaism,2.9007220538251543e-08
Brunei,I do not identify with any religious group or faith,2.3205776430601235e-07
Brunei,Other religious group,3.6549097878196945e-06
Bulgaria,Christianity,0.0008918690559183242
Bulgaria,Islam,0.00014882589605458028
Bulgaria,Hinduism,5.431602045787601e-07
Bulgaria,Buddhism,5.431602045787601e-07
Bulgaria,Judaism,5.431602045787601e-07
Bulgaria,I do not identify with any religious group or faith,4.562545718461585e-05
Bulgaria,Other religious group,1.0863204091575203e-06
Burkina Faso,Christianity,0.0005374675375481283
Burkina Faso,Islam,0.0014714666805762092
Burkina Faso,Hinduism,1.1943723056625074e-06
Burkina Faso,Buddhism,1.1943723056625074e-06
Burkina Faso,Judaism,1.1943723056625074e-06
Burkina Faso,I do not identify with any religious group or faith,9.55497844530006e-06
Burkina Faso,Other religious group,0.00036906104244971476
Burma (Myanmar),Christianity,0.0005425626558356722
Burma (Myanmar),Islam,0.0002782372594029088
Burma (Myanmar),Hinduism,0.00011825083524623626
Burma (Myanmar),Buddhism,0.005571701119543249
Burma (Myanmar),Judaism,3.4779657425363603e-06
Burma (Myanmar),I do not identify with any religious group or faith,3.47796574253636e-05
Burma (Myanmar),Other religious group,0.0004173558891043632
Burundi,Christianity,0.0011120933246057567
Burundi,Islam,3.403127113547671e-05
Burundi,Hinduism,6.077012702763699e-07
Burundi,Buddhism,6.077012702763699e-07
Burundi,Judaism,6.077012702763699e-07
Burundi,I do not identify with any religious group or faith,6.077012702763699e-07
Burundi,Other religious group,6.988564608178253e-05
Cambodia,Christianity,8.203241968217536e-06
Cambodia,Islam,4.1016209841087684e-05
Cambodia,Hinduism,1.025405246027192e-06
Cambodia,Buddhism,0.0019872353668006987
Cambodia,Judaism,1.025405246027192e-06
Cambodia,I do not identify with any religious group or faith,4.101620984108768e-06
Cambodia,Other religious group,1.33302681983535e-05
Cameroon,Christianity,0.001998423451762302
Cameroon,Islam,0.0005202154931330032
Cameroon,Hinduism,1.4213538063743257e-06
Cameroon,Buddhism,1.4213538063743257e-06
Cameroon,Judaism,1.4213538063743257e-06
Cameroon,I do not identify with any religious group or faith,0.0001506635034756785
Cameroon,Other religious group,0.00017056245676491907
Canada,Christianity,0.0034045484673540455
Canada,Islam,0.00010361669248468834
Canada,Hinduism,6.907779498979222e-05
Canada,Buddhism,3.94730257084527e-05
Canada,Judaism,4.934128213556588e-05
Canada,I do not identify with any religious group or faith,0.0011693883866129113
Canada,Other religious group,0.00010361669248468834
Cape Verde,Christianity,6.46135837489553e-05
Cape Verde,Islam,7.251805134562886e-08
Cape Verde,Hinduism,3.625902567281443e-08
Cape Verde,Buddhism,3.625902567281443e-08
Cape Verde,Judaism,3.625902567281443e-08
Cape Verde,I do not identify with any religious group or faith,6.5991426724522265e-06
Cape Verde,Other religious group,1.2328068728756906e-06
Cayman Islands,Christianity,7.266308744832012e-06
Cayman Islands,Islam,3.4808664645901853e-08
Cayman Islands,Hinduism,7.831949545327918e-08
Cayman Islands,Buddhism,4.351083080737732e-09
Cayman Islands,Judaism,6.961732929180371e-08
Cayman Islands,I do not identify with any religious group or faith,8.180036191786936e-07
Cayman Islands,Other religious group,4.4381047423524866e-07
Central African Republic,Christianity,0.0005711521723981729
Central African Republic,Islam,5.424350240653039e-05
Central African Republic,Hinduism,3.19079425920767e-07
Central African Republic,Buddhism,3.19079425920767e-07
Central African Republic,Judaism,3.19079425920767e-07
Central African Republic,I do not identify with any religious group or faith,6.38158851841534e-06
Central African Republic,Other religious group,6.700667944336107e-06
Chad,Christianity,0.0006612747058884666
Chad,Islam,0.0009007017545722217
Chad,Hinduism,8.143777166114121e-07
Chad,Buddhism,8.143777166114121e-07
Chad,Judaism,8.143777166114121e-07
Chad,I do not identify with any religious group or faith,4.0718885830570604e-05
Chad,Other religious group,2.4431331498342364e-05
Chile,Christianity,0.0022185215390403933
Chile,Islam,1.2407838585237098e-06
Chile,Hinduism,1.2407838585237098e-06
Chile,Buddhism,1.2407838585237098e-06
Chile,Judaism,2.4815677170474196e-06
Chile,I do not identify with any religious group or faith,0.00021341482366607806
Chile,Other religious group,4.218665118980613e-05
China,Christianity,0.009921679025178473
China,Islam,0.00350176906771005
China,Hinduism,9.727136299194581e-05
China,Buddhism,0.03540677612906828
China,Judaism,9.727136299194581e-05
China,I do not identify with any religious group or faith,0.10155130296359144
China,Other religious group,0.04396665607235951
Colombia,Christianity,0.006210192104059946
Colombia,Islam,3.35686059678916e-06
Colombia,Hinduism,3.35686059678916e-06
Colombia,Buddhism,3.35686059678916e-06
Colombia,Judaism,3.35686059678916e-06
Colombia,I do not identify with any religious group or faith,0.0004431055987761691
Colombia,Other religious group,5.706663014541572e-05
Comoros,Christianity,5.293817748230907e-07
Comoros,Islam,0.00010407645693021962
Comoros,Hinduism,5.293817748230907e-08
Comoros,Buddhism,5.293817748230907e-08
Comoros,Judaism,5.293817748230907e-08
Comoros,I do not identify with any religious group or faith,1.0587635496461814e-07
Comoros,Other religious group,1.1117017271284906e-06
Cook Islands,Christianity,2.7846931716721483e-06
Cook Islands,Islam,1.4503610269125773e-09
Cook Islands,Hinduism,1.4503610269125773e-09
Cook Islands,Buddhism,1.4503610269125773e-09
Cook Islands,Judaism,1.4503610269125773e-09
Cook Islands,I do not identify with any religious group or faith,9.282310572240495e-08
Cook Islands,Other religious group,2.4656137457513812e-08
Costa Rica,Christianity,0.0006143642288340063
Costa Rica,Islam,3.379341192706305e-07
Costa Rica,Hinduism,3.379341192706305e-07
Costa Rica,Buddhism,3.379341192706305e-07
Costa Rica,Judaism,3.379341192706305e-07
Costa Rica,I do not identify with any religious group or faith,5.3393590844759615e-05
Costa Rica,Other religious group,7.434550623953872e-06
Croatia,Christianity,0.0005960403676199928
Croatia,Islam,8.934223925781475e-06
Croatia,Hinduism,3.19079425920767e-07
Croatia,Buddhism,3.19079425920767e-07
Croatia,Judaism,3.19079425920767e-07
Croatia,I do not identify with any religious group or faith,3.254610144391823e-05
Croatia,Other religious group,6.38158851841534e-07
Cuba,Christianity,0.0009667990576517088
Cuba,Islam,8.16553258151781e-07
Cuba,Hinduism,3.266213032607124e-06
Cuba,Buddhism,8.16553258151781e-07
Cuba,Judaism,8.16553258151781e-07
Cuba,I do not identify with any religious group or faith,0.00037561449874981925
Cuba,Other religious group,0.00028497708709497154
Cyprus,Christianity,0.00011678306988700072
Cyprus,Islam,4.0363547378977024e-05
Cyprus,Hinduism,7.976985648019175e-08
Cyprus,Buddhism,3.19079425920767e-07
Cyprus,Judaism,7.976985648019175e-08
Cyprus,I do not identify with any religious group or faith,1.914476555524602e-06
Cyprus,Other religious group,1.595397129603835e-07
Czech Republic,Christianity,0.0003544928911148914
Czech Republic,Islam,7.607143586156468e-07
Czech Republic,Hinduism,7.607143586156468e-07
Czech Republic,Buddhism,7.607143586156468e-07
Czech Republic,Judaism,7.607143586156468e-07
Czech Republic,I do not identify with any religious group or faith,0.0011623715399647083
Czech Republic,Other religious group,1.5214287172312936e-06
Dem. Rep. of the Congo,Christianity,0.009166174363371497
Dem. Rep. of the Congo,Islam,0.00014352047541813407
Dem. Rep. of the Congo,Hinduism,4.784015847271136e-06
Dem. Rep. of the Congo,Buddhism,4.784015847271136e-06
Dem. Rep. of the Congo,Judaism,4.784015847271136e-06
Dem. Rep. of the Congo,I do not identify with any religious group or faith,0.00017222457050176094
Dem. Rep. of the Congo,Other religious group,7.654425355633817e-05
Denmark,Christianity,0.0006721335588969612
Denmark,Islam,3.300296516739569e-05
Denmark,Hinduism,3.2198014797459214e-06
Denmark,Buddhism,1.6099007398729607e-06
Denmark,Judaism,4.024751849682402e-07
Denmark,I do not identify with any religious group or faith,9.498414365250468e-05
Denmark,Other religious group,8.049503699364803e-07
Djibouti,Christianity,2.968889022090046e-06
Djibouti,Islam,0.00012508058532196759
Djibouti,Hinduism,6.454106569760968e-08
Djibouti,Buddhism,6.454106569760968e-08
Djibouti,Judaism,2.5816426279043874e-07
Djibouti,I do not identify with any religious group or faith,2.5816426279043874e-07
Djibouti,Other religious group,4.5178745988326774e-07
Dominica,Christianity,9.583985665838311e-06
Dominica,Islam,1.015252718838804e-08
Dominica,Hinduism,5.07626359419402e-09
Dominica,Buddhism,1.015252718838804e-08
Dominica,Judaism,5.07626359419402e-09
Dominica,I do not identify with any religious group or faith,5.0762635941940205e-08
Dominica,Other religious group,4.771687778542379e-07
Dominican Republic,Christianity,0.0012673834797572866
Dominican Republic,Islam,7.201042498620946e-07
Dominican Republic,Hinduism,7.201042498620946e-07
Dominican Republic,Buddhism,7.201042498620946e-07
Dominican Republic,Judaism,7.201042498620946e-07
Dominican Republic,I do not identify with any religious group or faith,0.00015698272646993663
Dominican Republic,Other religious group,1.4402084997241893e-05
Ecuador,Christianity,0.001973485944265567
Ecuador,Islam,1.0486110224577933e-06
Ecuador,Hinduism,1.0486110224577933e-06
Ecuador,Buddhism,1.0486110224577933e-06
Ecuador,Judaism,1.0486110224577933e-06
Ecuador,I do not identify with any religious group or faith,0.00011534721247035727
Ecuador,Other religious group,7.340277157204552e-06
Egypt,Christianity,0.0006000317611660561
Egypt,Islam,0.01116529688914877
Egypt,Hinduism,5.882664325157413e-06
Egypt,Buddhism,5.882664325157413e-06
Egypt,Judaism,5.882664325157413e-06
Egypt,I do not identify with any religious group or faith,5.882664325157413e-06
Egypt,Other religious group,1.1765328650314826e-05
El Salvador,Christianity,0.0007918362055311369
El Salvador,Islam,4.488867378294427e-07
El Salvador,Hinduism,4.488867378294427e-07
El Salvador,Buddhism,4.488867378294427e-07
El Salvador,Judaism,4.488867378294427e-07
El Salvador,I do not identify with any religious group or faith,9.875508232247738e-05
El Salvador,Other religious group,7.182187805271083e-06
Equatorial Guinea,Christianity,9.005291616100192e-05
Equatorial Guinea,Islam,4.061010875355216e-06
Equatorial Guinea,Hinduism,5.0762635941940205e-08
Equatorial Guinea,Buddhism,5.0762635941940205e-08
Equatorial Guinea,Judaism,5.0762635941940205e-08
Equatorial Guinea,I do not identify with any religious group or faith,5.07626359419402e-06
Equatorial Guinea,Other religious group,2.233555981445369e-06
Eritrea,Christianity,0.0004789454701122058
Eritrea,Islam,0.0002786868713212517
Eritrea,Hinduism,3.8071976956455153e-07
Eritrea,Buddhism,3.8071976956455153e-07
Eritrea,Judaism,3.8071976956455153e-07
Eritrea,I do not identify with any religious group or faith,7.614395391291031e-07
Eritrea,Other religious group,3.4264779260809644e-06
Estonia,Christianity,7.754500266490785e-05
Estonia,Islam,3.886967552125707e-07
Estonia,Hinduism,9.717418880314268e-08
Estonia,Buddhism,9.717418880314268e-08
Estonia,Judaism,1.9434837760628536e-07
Estonia,I do not identify with any religious group or faith,0.00011583163305334607
Estonia,Other religious group,1.9434837760628536e-07
Ethiopia,Christianity,0.007555307683054612
Ethiopia,Islam,0.004162637672510981
Ethiopia,Hinduism,6.015372359119914e-06
Ethiopia,Buddhism,6.015372359119914e-06
Ethiopia,Judaism,6.015372359119914e-06
Ethiopia,I do not identify with any religious group or faith,6.015372359119914e-06
Ethiopia,Other religious group,0.00031881473503335547
Faeroe Islands,Christianity,7.1067690318716285e-06
Faeroe Islands,Islam,3.625902567281443e-09
Faeroe Islands,Hinduism,3.625902567281443e-09
Faeroe Islands,Buddhism,3.625902567281443e-09
Faeroe Islands,Judaism,3.625902567281443e-09
Faeroe Islands,I do not identify with any religious group or faith,1.2328068728756907e-07
Faeroe Islands,Other religious group,2.5381317970970096e-08
Falkland Is. (Malvinas),Christianity,9.74642610085252e-07
Falkland Is. (Malvinas),Islam,4.351083080737732e-09
Falkland Is. (Malvinas),Hinduism,7.251805134562886e-10
Falkland Is. (Malvinas),Buddhism,2.9007220538251546e-09
Falkland Is. (Malvinas),Judaism,7.251805134562886e-10
Falkland Is. (Malvinas),I do not identify with any religious group or faith,4.568637234774618e-07
Falkland Is. (Malvinas),Other religious group,1.2328068728756906e-08
Fed. States of Micronesia,Christianity,1.5204134645124547e-05
Fed. States of Micronesia,Islam,7.976985648019174e-09
Fed. States of Micronesia,Hinduism,7.976985648019174e-09
Fed. States of Micronesia,Buddhism,6.38158851841534e-08
Fed. States of Micronesia,Judaism,7.976985648019174e-09
Fed. States of Micronesia,I do not identify with any religious group or faith,1.4358574166434516e-07
Fed. States of Micronesia,Other religious group,5.42435024065304e-07
Fiji,Christianity,8.032679511452618e-05
Fiji,Islam,7.858056043812344e-06
Fiji,Hinduism,3.4799962479740374e-05
Fiji,Buddhism,6.236552415724083e-08
Fiji,Judaism,6.236552415724083e-08
Fiji,I do not identify with any religious group or faith,9.978483865158532e-07
Fiji,Other religious group,6.860207657296491e-07
Finland,Christianity,0.0006343531045069154
Finland,Islam,6.2191480834011314e-06
Finland,Hinduism,3.886967552125707e-07
Finland,Buddhism,3.886967552125707e-07
Finland,Judaism,3.886967552125707e-07
Finland,I do not identify with any religious group or faith,0.0001368212578348249
Finland,Other religious group,7.773935104251414e-07
France,Christianity,0.005737294639429966
France,Islam,0.0006830112665988054
France,Hinduism,4.553408443992036e-06
France,Buddhism,4.553408443992036e-05
France,Judaism,4.553408443992036e-05
France,I do not identify with any religious group or faith,0.0025499087286355404
France,Other religious group,4.553408443992036e-05
French Guiana,Christianity,2.8154408254426954e-05
French Guiana,Islam,3.002247325709036e-07
French Guiana,Hinduism,5.337328579038285e-07
French Guiana,Buddhism,1.667915180949464e-08
French Guiana,Judaism,1.667915180949464e-08
French Guiana,I do not identify with any religious group or faith,1.1341823230456356e-06
French Guiana,Other religious group,3.2023971474229705e-06
French Polynesia,Christianity,3.681016286304121e-05
French Polynesia,Islam,1.9579873863319793e-08
French Polynesia,Hinduism,1.9579873863319793e-08
French Polynesia,Buddhism,1.9579873863319793e-08
French Polynesia,Judaism,1.9579873863319793e-08
French Polynesia,I do not identify with any religious group or faith,1.9188276386053396e-06
French Polynesia,Other religious group,3.5243772953975636e-07
Gabon,Christianity,0.00016753845402380635
Gabon,Islam,2.45285056871455e-05
Gabon,Hinduism,1.0950225753189958e-07
Gabon,Buddhism,1.0950225753189958e-07
Gabon,Judaism,1.0950225753189958e-07
Gabon,I do not identify with any religious group or faith,1.226425284357275e-05
Gabon,Other religious group,1.4673302509274544e-05
Gambia,Christianity,1.1291060594514414e-05
Gambia,Islam,0.00023861774723073795
Gambia,Hinduism,1.2545622882793793e-07
Gambia,Buddhism,1.2545622882793793e-07
Gambia,Judaism,1.2545622882793793e-07
Gambia,I do not identify with any religious group or faith,1.2545622882793793e-07
Gambia,Other religious group,3.7636868648381386e-07
Georgia,Christianity,0.0005583527363356694
Georgia,Islam,6.75070539976459e-05
Georgia,Hinduism,3.1545352335348554e-07
Georgia,Buddhism,3.1545352335348554e-07
Georgia,Judaism,3.1545352335348554e-07
Georgia,I do not identify with any religious group or faith,4.416349326948797e-06
Georgia,Other religious group,6.309070467069711e-07
Germany,Christianity,0.008200355749773982
Germany,Islam,0.0006923153325864496
Germany,Hinduism,5.968235625745255e-06
Germany,Buddhism,3.580941375447153e-05
Germany,Judaism,3.580941375447153e-05
Germany,I do not identify with any religious group or faith,0.0029483083991181562
Germany,Other religious group,1.790470687723577e-05
Ghana,Christianity,0.0026495354779351925
Ghana,Islam,0.0005589140260530846
Ghana,Hinduism,1.768715272319888e-06
Ghana,Buddhism,1.768715272319888e-06
Ghana,Judaism,1.768715272319888e-06
Ghana,I do not identify with any religious group or faith,0.0001485720828748706
Ghana,Other religious group,0.00018040895777662858
Gibraltar,Christianity,3.863761775695106e-06
Gibraltar,Islam,1.7404332322950927e-07
Gibraltar,Hinduism,7.831949545327918e-08
Gibraltar,Buddhism,2.175541540368866e-09
Gibraltar,Judaism,9.137274469549237e-08
Gibraltar,I do not identify with any religious group or faith,1.261814093413942e-07
Gibraltar,Other religious group,1.5228790782582058e-08
Greece,Christianity,0.0014515445215105376
Greece,Islam,8.732333670835245e-05
Greece,Hinduism,1.6476101265726877e-06
Greece,Buddhism,8.238050632863438e-07
Greece,Judaism,8.238050632863438e-07
Greece,I do not identify with any religious group or faith,0.00010050421772093396
Greece,Other religious group,2.471415189859032e-06
Greenland,Christianity,8.36278168117792e-06
Greenland,Islam,4.351083080737732e-09
Greenland,Hinduism,4.351083080737732e-09
Greenland,Buddhism,4.351083080737732e-09
Greenland,Judaism,4.351083080737732e-09
Greenland,I do not identify with any religious group or faith,2.1755415403688658e-07
Greenland,Other religious group,1.2183032626065646e-07
Grenada,Christianity,1.4010487519975497e-05
Grenada,Islam,4.351083080737732e-08
Grenada,Hinduism,1.0152527188388038e-07
Grenada,Buddhism,7.251805134562886e-09
Grenada,Judaism,7.251805134562886e-09
Grenada,I do not identify with any religious group or faith,1.4503610269125771e-07
Grenada,Other religious group,2.1755415403688658e-07
Guadeloupe,Christianity,6.398122634122144e-05
Guadeloupe,Islam,2.6686642895191423e-07
Guadeloupe,Hinduism,3.3358303618989277e-07
Guadeloupe,Buddhism,3.335830361898928e-08
Guadeloupe,Judaism,3.335830361898928e-08
Guadeloupe,I do not identify with any religious group or faith,1.6679151809494637e-06
Guadeloupe,Other religious group,5.337328579038285e-07
Guam,Christianity,2.459232157232966e-05
Guam,Islam,1.3053249242213195e-08
Guam,Hinduism,1.3053249242213195e-08
Guam,Buddhism,2.871714833286903e-07
Guam,Judaism,1.3053249242213195e-08
Guam,I do not identify with any religious group or faith,4.4381047423524866e-07
Guam,Other religious group,8.093014530172181e-07
Guatemala,Christianity,0.0019868901808762934
Guatemala,Islam,1.0435347588635994e-06
Guatemala,Hinduism,1.0435347588635994e-06
Guatemala,Buddhism,1.0435347588635994e-06
Guatemala,Judaism,1.0435347588635994e-06
Guatemala,I do not identify with any religious group or faith,8.556985022681513e-05
Guatemala,Other religious group,1.3565951865226793e-05
Guinea,Christianity,0.00015777317322960397
Guinea,Islam,0.0012216564973007867
Guinea,Hinduism,7.23730152429376e-07
Guinea,Buddhism,7.23730152429376e-07
Guinea,Judaism,7.23730152429376e-07
Guinea,I do not identify with any religious group or faith,2.6054285487457542e-05
Guinea,Other religious group,3.980515838361568e-05
Guinea Bissau,Christianity,4.34296105898702e-05
Guinea Bissau,Islam,9.942514911691099e-05
Guinea Bissau,Hinduism,1.1022743804535587e-07
Guinea Bissau,Buddhism,1.1022743804535587e-07
Guinea Bissau,Judaism,1.1022743804535587e-07
Guinea Bissau,I do not identify with any religious group or faith,9.479559671900604e-06
Guinea Bissau,Other religious group,6.823078415007528e-05
Guyana,Christianity,7.179287083217257e-05
Guyana,Islam,6.961732929180371e-06
Guyana,Hinduism,2.708549217759238e-05
Guyana,Buddhism,5.4388538509221646e-08
Guyana,Judaism,5.4388538509221646e-08
Guyana,I do not identify with any religious group or faith,2.175541540368866e-06
Guyana,Other religious group,8.702166161475463e-07
Haiti,Christianity,0.0012591033686546428
Haiti,Islam,7.244553329428323e-07
Haiti,Hinduism,7.244553329428323e-07
Haiti,Buddhism,7.244553329428323e-07
Haiti,Judaism,7.244553329428323e-07
Haiti,I do not identify with any religious group or faith,0.00015358453058388045
Haiti,Other religious group,3.622276664714162e-05
Honduras,Christianity,0.0009655923572773172
Honduras,Islam,1.1022743804535587e-06
Honduras,Hinduism,5.511371902267793e-07
Honduras,Buddhism,1.1022743804535587e-06
Honduras,Judaism,5.511371902267793e-07
Honduras,I do not identify with any religious group or faith,0.00011573880994762367
Honduras,Other religious group,1.87386644677105e-05
Hong Kong,Christianity,0.0001462181469281915
Hong Kong,Islam,1.840508143152061e-05
Hong Kong,Hinduism,4.090018095893468e-06
Hong Kong,Buddhism,0.00013497059716448444
Hong Kong,Judaism,5.112522619866835e-07
Hong Kong,I do not identify with any religious group or faith,0.000573625037949059
Hong Kong,Other religious group,0.0001462181469281915
Hungary,Christianity,0.0011724428469355893
Hungary,Islam,7.23730152429376e-07
Hungary,Hinduism,7.23730152429376e-07
Hungary,Buddhism,7.23730152429376e-07
Hungary,I do not identify with any religious group or faith,0.00026922761670372794
Hungary,Other religious group,1.447460304858752e-06
Iceland,Christianity,4.4090975218142345e-05
Iceland,Islam,9.282310572240495e-08
Iceland,Hinduism,1.3923465858360741e-07
Iceland,Buddhism,1.856462114448099e-07
Iceland,Judaism,2.3205776430601237e-08
Iceland,I do not identify with any religious group or faith,1.6244043501420868e-06
Iceland,Other religious group,3.2488087002841723e-07
India,Christianity,0.004440316542918528
India,Islam,0.025576223287210726
India,Hinduism,0.1412020660648092
India,Buddhism,0.001420901293733929
India,Judaism,8.880633085837056e-05
India,I do not identify with any religious group or faith,8.880633085837056e-05
India,Other religious group,0.0049731545280687515
Indonesia,Christianity,0.003444191185302647
Indonesia,Islam,0.030336714278625335
Indonesia,Hinduism,0.0005914267691933839
Indonesia,Buddhism,0.0002435286696678639
Indonesia,Judaism,1.7394904976275995e-05
Indonesia,I do not identify with any religious group or faith,1.7394904976275995e-05
Indonesia,Other religious group,0.00013915923981020796
Iran,Christianity,2.145664103214467e-05
Iran,Islam,0.010674678913491973
Iran,Hinduism,5.364160258036167e-06
Iran,Buddhism,5.364160258036167e-06
Iran,Judaism,5.364160258036167e-06
Iran,I do not identify with any religious group or faith,1.0728320516072335e-05
Iran,Other religious group,2.6820801290180835e-05
Iraq,Christianity,3.6746346977857054e-05
Iraq,Islam,0.00454736043850981
Iraq,Hinduism,2.296646686116066e-06
Iraq,Buddhism,2.296646686116066e-06
Iraq,Judaism,2.296646686116066e-06
Iraq,I do not identify with any religious group or faith,4.593293372232132e-06
Iraq,Other religious group,4.593293372232132e-06
Ireland,Christianity,0.0005964464687075282
Ireland,Islam,7.131425169329144e-06
Ireland,Hinduism,1.2966227580598441e-06
Ireland,Buddhism,1.2966227580598441e-06
Ireland,Judaism,3.2415568951496103e-07
Ireland,I do not identify with any religious group or faith,4.019530549985517e-05
Ireland,Other religious group,1.620778447574805e-06
Isle of Man,Christianity,9.75802898906782e-06
Isle of Man,Islam,2.3205776430601237e-08
Isle of Man,Hinduism,2.3205776430601237e-08
Isle of Man,Buddhism,5.801444107650309e-09
Isle of Man,Judaism,5.801444107650309e-09
Isle of Man,I do not identify with any religious group or faith,1.786844785156295e-06
Isle of Man,Other religious group,1.1602888215300618e-08
Israel,Christianity,2.1523357639382648e-05
Israel,Islam,0.00020016722604625865
Israel,Hinduism,5.380839409845662e-07
Israel,Buddhism,3.228503645907397e-06
Israel,Judaism,0.0008135829187686639
Israel,I do not identify with any religious group or faith,3.3361204341043104e-05
Israel,Other religious group,3.2285036459073973e-06
Italy,Christianity,0.00731535270295706
Italy,Islam,0.0003249316326643593
Italy,Hinduism,8.781936017955655e-06
Italy,Buddhism,1.756387203591131e-05
Italy,Judaism,4.3909680089778275e-06
Italy,I do not identify with any religious group or faith,0.0010889600662265012
Italy,Other religious group,1.3172904026933484e-05
Ivory Coast,Christianity,0.0012625885862023135
Ivory Coast,Islam,0.0010736297501720354
Ivory Coast,Hinduism,1.4315063335627138e-06
Ivory Coast,Buddhism,1.4315063335627138e-06
Ivory Coast,Judaism,1.4315063335627138e-06
Ivory Coast,I do not identify with any religious group or faith,0.0002290410133700342
Ivory Coast,Other religious group,0.0002977533173810444
Jamaica,Christianity,0.00030679196730076363
Jamaica,Islam,1.9869946068702308e-07
Jamaica,Hinduism,1.9869946068702308e-07
Jamaica,Buddhism,1.9869946068702308e-07
Jamaica,Judaism,1.9869946068702308e-07
Jamaica,I do not identify with any religious group or faith,6.835261447633593e-05
Jamaica,Other religious group,2.185694067557254e-05
Japan,Christianity,0.00029364589495282803
Japan,Islam,3.6705736869103504e-05
Japan,Hinduism,9.176434217275876e-06
Japan,Buddhism,0.006643738373307735
Japan,Judaism,9.176434217275876e-06
Japan,I do not identify with any religious group or faith,0.0104611350076945
Japan,Other religious group,0.0009359962901621394
Jordan,Christianity,1.9751016464495475e-05
Jordan,Islam,0.0008726358183404365
Jordan,Hinduism,8.977734756588854e-07
Jordan,Buddhism,3.5910939026355414e-06
Jordan,Judaism,4.488867378294427e-07
Jordan,I do not identify with any religious group or faith,4.488867378294427e-07
Jordan,Other religious group,8.977734756588854e-07
Kazakhstan,Christianity,0.0005765823240829336
Kazakhstan,Islam,0.0016367498232031667
Kazakhstan,Hinduism,1.1624643630704307e-06
Kazakhstan,Buddhism,4.649857452281723e-06
Kazakhstan,Judaism,1.1624643630704307e-06
Kazakhstan,I do not identify with any religious group or faith,9.764700649791617e-05
Kazakhstan,Other religious group,9.299714904563445e-06
Kenya,Christianity,0.004982349816979377
Kenya,Islam,0.0005699150144422165
Kenya,Hinduism,5.875412520022851e-06
Kenya,Buddhism,2.9377062600114253e-06
Kenya,Judaism,2.9377062600114253e-06
Kenya,I do not identify with any religious group or faith,0.00014688531300057126
Kenya,Other religious group,0.00017038696308066266
Kiribati,Christianity,1.4068501961051998e-05
Kiribati,Islam,7.251805134562886e-09
Kiribati,Hinduism,7.251805134562886e-09
Kiribati,Buddhism,7.251805134562886e-09
Kiribati,Judaism,7.251805134562886e-09
Kiribati,I do not identify with any religious group or faith,1.1602888215300617e-07
Kiribati,Other religious group,3.263312310553299e-07
Kosovo,Christianity,3.439096067015103e-05
Kosovo,Islam,0.00026245733143009996
Kosovo,Hinduism,1.5083754679890804e-07
Kosovo,Buddhism,1.5083754679890804e-07
Kosovo,Judaism,1.5083754679890804e-07
Kosovo,I do not identify with any religious group or faith,4.826801497565057e-06
Kosovo,Other religious group,3.016750935978161e-07
Kuwait,Christianity,5.682804575648861e-05
Kuwait,Islam,0.0002944726007381682
Kuwait,Hinduism,3.3778908316793925e-05
Kuwait,Buddhism,1.112716979847329e-05
Kuwait,Judaism,1.9869946068702308e-07
Kuwait,I do not identify with any religious group or faith,1.9869946068702308e-07
Kuwait,Other religious group,1.3908962248091612e-06
Kyrgyzstan,Christianity,8.812683671726202e-05
Kyrgyzstan,Islam,0.0006802773360630752
Kyrgyzstan,Hinduism,3.8652121367220186e-07
Kyrgyzstan,Buddhism,3.8652121367220186e-07
Kyrgyzstan,Judaism,3.8652121367220186e-07
Kyrgyzstan,I do not identify with any religious group or faith,3.092169709377615e-06
Kyrgyzstan,Other religious group,1.1595636410166057e-06
Laos,Christianity,1.3488357550286969e-05
Laos,Islam,4.4961191834289893e-07
Laos,Hinduism,4.4961191834289893e-07
Laos,Buddhism,0.0005934877322126266
Laos,Judaism,4.4961191834289893e-07
Laos,I do not identify with any religious group or faith,8.093014530172183e-06
Laos,Other religious group,0.00028235628471934054
Latvia,Christianity,0.00018209282692887403
Latvia,Islam,3.263312310553299e-07
Latvia,Hinduism,1.6316561552766494e-07
Latvia,Buddhism,1.6316561552766494e-07
Latvia,Judaism,1.6316561552766494e-07
Latvia,I do not identify with any religious group or faith,0.00014293307920223446
Latvia,Other religious group,8.158280776383246e-07
Lebanon,Christianity,0.0002349715396090797
Lebanon,Islam,0.0003760771639174044
Lebanon,Hinduism,3.067513571920101e-07
Lebanon,Buddhism,1.2270054287680404e-06
Lebanon,Judaism,3.067513571920101e-07
Lebanon,I do not identify with any religious group or faith,1.8405081431520604e-06
Lebanon,Other religious group,6.135027143840202e-07
Lesotho,Christianity,0.0003046570358691483
Lesotho,Islam,1.5736417142001462e-07
Lesotho,Hinduism,1.5736417142001462e-07
Lesotho,Buddhism,1.5736417142001462e-07
Lesotho,Judaism,1.5736417142001462e-07
Lesotho,I do not identify with any religious group or faith,9.756578628040907e-06
Lesotho,Other religious group,4.7209251426004393e-07
Liberia,Christianity,0.0004970981887250437
Liberia,Islam,6.94432859685742e-05
Liberia,Hinduism,2.893470248690592e-07
Liberia,Buddhism,2.893470248690592e-07
Liberia,Judaism,2.893470248690592e-07
Liberia,I do not identify with any religious group or faith,8.101716696333656e-06
Liberia,Other religious group,3.47216429842871e-06
Libya,Christianity,2.490559955414278e-05
Libya,Islam,0.0008910670062704416
Libya,Hinduism,4.612148065581996e-07
Libya,Buddhism,2.7672888393491974e-06
Libya,Judaism,4.612148065581996e-07
Libya,I do not identify with any religious group or faith,1.8448592262327983e-06
Libya,Other religious group,9.224296131163992e-07
Liechtenstein,Christianity,5.331527134930634e-06
Liechtenstein,Islam,2.9007220538251543e-07
Liechtenstein,Hinduism,2.9007220538251546e-09
Liechtenstein,Buddhism,2.9007220538251546e-09
Liechtenstein,I do not identify with any religious group or faith,1.6824187912185897e-07
Liechtenstein,Other religious group,5.801444107650309e-09
Lithuania,Christianity,0.0004324048351196081
Lithuania,Islam,2.407599304674878e-07
Lithuania,Hinduism,2.407599304674878e-07
Lithuania,Buddhism,2.407599304674878e-07
Lithuania,Judaism,2.407599304674878e-07
Lithuania,I do not identify with any religious group or faith,4.815198609349756e-05
Lithuania,Other religious group,4.815198609349756e-07
Luxembourg,Christianity,5.2073762310269184e-05
Luxembourg,Islam,1.701273484568453e-06
Luxembourg,Hinduism,3.698420618627072e-08
Luxembourg,Buddhism,3.698420618627072e-08
Luxembourg,Judaism,7.396841237254144e-08
Luxembourg,I do not identify with any religious group or faith,1.9823534515841107e-05
Luxembourg,Other religious group,2.58889443303895e-07
Macau,Christianity,5.639003672636102e-06
Macau,Islam,1.5663899090655834e-07
Macau,Hinduism,3.9159747726639585e-08
Macau,Buddhism,1.3549272713417299e-05
Macau,Judaism,3.9159747726639585e-08
Macau,I do not identify with any religious group or faith,1.2061202299804992e-05
Macau,Other religious group,4.691337777651422e-05
Madagascar,Christianity,0.0025621541267857634
Madagascar,Islam,9.011093060207842e-05
Madagascar,Hinduism,1.5018488433679738e-06
Madagascar,Buddhism,1.5018488433679738e-06
Madagascar,Judaism,1.5018488433679738e-06
Madagascar,I do not identify with any religious group or faith,0.0002072551403847804
Madagascar,Other religious group,0.0001366682447464856
Malawi,Christianity,0.0017871783681924853
Malawi,Islam,0.0002809349309129662
Malawi,Hinduism,1.08051896504987e-06
Malawi,Buddhism,1.08051896504987e-06
Malawi,Judaism,1.08051896504987e-06
Malawi,I do not identify with any religious group or faith,5.40259482524935e-05
Malawi,Other religious group,3.781816377674546e-05
Malaysia,Christianity,0.0003871883797445816
Malaysia,Islam,0.002623819126567005
Malaysia,Hinduism,0.0002471415189859032
Malaysia,Buddhism,0.0007290674810084143
Malaysia,Judaism,2.0595126582158595e-06
Malaysia,I do not identify with any religious group or faith,2.8833177215022032e-05
Malaysia,Other religious group,0.00010297563291079298
Maldives,Christianity,1.856462114448099e-07
Maldives,Islam,4.566896801542324e-05
Maldives,Hinduism,1.3923465858360741e-07
Maldives,Buddhism,2.7846931716721483e-07
Maldives,Judaism,2.3205776430601237e-08
Maldives,I do not identify with any religious group or faith,2.3205776430601237e-08
Maldives,Other religious group,4.6411552861202473e-08
Mali,Christianity,7.13345567476682e-05
Mali,Islam,0.002059785326088919
Mali,Hinduism,1.1146024491823156e-06
Mali,Buddhism,1.1146024491823156e-06
Mali,Judaism,1.1146024491823156e-06
Mali,I do not identify with any religious group or faith,6.018853225584505e-05
Mali,Other religious group,3.678188082301641e-05
Malta,Christianity,5.90877082364184e-05
Malta,Islam,1.218303262606565e-07
Malta,Hinduism,1.218303262606565e-07
Malta,Buddhism,3.045758156516412e-08
Malta,Judaism,3.045758156516412e-08
Malta,I do not identify with any religious group or faith,1.5228790782582061e-06
Malta,Other religious group,6.091516313032824e-08
Marshall Islands,Christianity,7.070510006198814e-06
Marshall Islands,Islam,3.625902567281443e-09
Marshall Islands,Hinduism,3.625902567281443e-09
Marshall Islands,Buddhism,3.625902567281443e-09
Marshall Islands,Judaism,3.625902567281443e-09
Marshall Islands,I do not identify with any religious group or faith,1.0877707701844329e-07
Marshall Islands,Other religious group,7.976985648019175e-08
Martinique,Christianity,5.7383534029796115e-05
Martinique,Islam,1.1892960420683134e-07
Martinique,Hinduism,1.1892960420683134e-07
Martinique,Buddhism,2.9732401051707834e-08
Martinique,Judaism,2.9732401051707834e-08
Martinique,I do not identify with any religious group or faith,1.3676904483785603e-06
Martinique,Other religious group,4.7571841682732535e-07
Mauritania,Christianity,1.5054747459352552e-06
Mauritania,Islam,0.000497308491073946
Mauritania,Hinduism,2.5091245765587586e-07
Mauritania,Buddhism,2.5091245765587586e-07
Mauritania,Judaism,2.5091245765587586e-07
Mauritania,I do not identify with any religious group or faith,5.018249153117517e-07
Mauritania,Other religious group,2.760037034214635e-06
Mauritius,Christianity,4.7702374175154665e-05
Mauritius,Islam,3.148733789427205e-05
Mauritius,Hinduism,0.00010634047049323015
Mauritius,Buddhism,9.427346674931752e-08
Mauritius,Judaism,9.427346674931752e-08
Mauritius,I do not identify with any religious group or faith,1.1312816009918102e-06
Mauritius,Other religious group,1.8854693349863503e-06
Mayotte,Christianity,2.0305054376776077e-07
Mayotte,Islam,2.8601119450716025e-05
Mayotte,Hinduism,1.4503610269125772e-08
Mayotte,Buddhism,1.4503610269125772e-08
Mayotte,Judaism,1.4503610269125772e-08
Mayotte,I do not identify with any religious group or faith,5.801444107650309e-08
Mayotte,Other religious group,1.595397129603835e-07
Mexico,Christianity,0.01564394502364757
Mexico,Islam,8.224997383621225e-06
Mexico,Hinduism,8.224997383621225e-06
Mexico,Buddhism,8.224997383621225e-06
Mexico,Judaism,8.224997383621225e-06
Mexico,I do not identify with any religious group or faith,0.0007731497540603952
Mexico,Other religious group,1.644999476724245e-05
Moldova,Christianity,0.0005043166355559876
Moldova,Islam,3.1066733196467403e-06
Moldova,Hinduism,2.5888944330389504e-07
Moldova,Buddhism,2.5888944330389504e-07
Moldova,Judaism,3.1066733196467403e-06
Moldova,I do not identify with any religious group or faith,7.24890441250906e-06
Moldova,Other religious group,5.177788866077901e-07
Monaco,Christianity,4.989241932579266e-06
Monaco,Islam,2.3205776430601237e-08
Monaco,Hinduism,2.9007220538251546e-09
Monaco,Buddhism,2.9007220538251546e-09
Monaco,Judaism,9.862454983005525e-08
Monaco,I do not identify with any religious group or faith,6.787689605950862e-07
Monaco,Other religious group,1.4503610269125772e-08
Mongolia,Christianity,9.20689179884104e-06
Mongolia,Islam,1.2809588589691882e-05
Mongolia,Hinduism,2.0014982171393566e-07
Mongolia,Buddhism,0.00022056510352875714
Mongolia,Judaism,2.0014982171393566e-07
Mongolia,I do not identify with any religious group or faith,0.0001437075719906058
Mongolia,Other religious group,1.421063734168943e-05
Montenegro,Christianity,7.136211360717953e-05
Montenegro,Islam,1.7086703258057073e-05
Montenegro,Hinduism,4.568637234774618e-08
Montenegro,Buddhism,4.568637234774618e-08
Montenegro,Judaism,4.568637234774618e-08
Montenegro,I do not identify with any religious group or faith,2.9239278302557557e-06
Montenegro,Other religious group,9.137274469549237e-08
Montserrat,Christianity,1.3560875601632597e-06
Montserrat,Islam,7.251805134562886e-10
Montserrat,Hinduism,1.4503610269125773e-09
Montserrat,Buddhism,7.251805134562886e-10
Montserrat,Judaism,7.251805134562886e-10
Montserrat,I do not identify with any religious group or faith,6.961732929180371e-08
Montserrat,Other religious group,2.4656137457513812e-08
Morocco,Christianity,2.316951740492842e-06
Morocco,Islam,0.0046292695775046995
Morocco,Hinduism,2.316951740492842e-06
Morocco,Buddhism,2.316951740492842e-06
Morocco,Judaism,2.316951740492842e-06
Morocco,I do not identify with any religious group or faith,2.316951740492842e-06
Morocco,Other religious group,4.633903480985684e-06
Mozambique,Christianity,0.00192348764858481
Mozambique,Islam,0.0006106309995507332
Mozambique,Hinduism,1.696197220974259e-06
Mozambique,Buddhism,1.696197220974259e-06
Mozambique,Judaism,1.696197220974259e-06
Mozambique,I do not identify with any religious group or faith,0.0006072386051087848
Mozambique,Other religious group,0.0002527333859251646
Namibia,Christianity,0.00032241525628266593
Namibia,Islam,9.920469424082028e-07
Namibia,Hinduism,1.653411570680338e-07
Namibia,Buddhism,1.653411570680338e-07
Namibia,Judaism,1.653411570680338e-07
Namibia,I do not identify with any religious group or faith,6.282963968585285e-06
Namibia,Other religious group,8.26705785340169e-07
Nauru,Christianity,1.145785211260936e-06
Nauru,Islam,7.251805134562886e-10
Nauru,Hinduism,7.251805134562886e-10
Nauru,Buddhism,1.5953971296038352e-08
Nauru,Judaism,7.251805134562886e-10
Nauru,I do not identify with any religious group or faith,6.526624621106598e-08
Nauru,Other religious group,2.2480595917144947e-07
Nepal,Christianity,2.1726408183150408e-05
Nepal,Islam,0.00019988295528498373
Nepal,Hinduism,0.0035066422807604756
Nepal,Buddhism,0.0004475640085728984
Nepal,Judaism,2.1726408183150406e-06
Nepal,I do not identify with any religious group or faith,1.3035844909890244e-05
Nepal,Other religious group,0.00016294806137362805
Netherlands,Christianity,0.001218979130845106
Netherlands,Islam,0.00014454297994210744
Netherlands,Hinduism,1.2045248328508954e-05
Netherlands,Buddhism,4.8180993314035814e-06
Netherlands,Judaism,4.8180993314035814e-06
Netherlands,I do not identify with any religious group or faith,0.0010142099092604541
Netherlands,Other religious group,9.636198662807163e-06
Netherlands Antilles,Christianity,2.72377800854182e-05
Netherlands Antilles,Islam,5.801444107650309e-08
Netherlands Antilles,Hinduism,5.801444107650309e-08
Netherlands Antilles,Buddhism,1.4503610269125771e-07
Netherlands Antilles,Judaism,8.702166161475463e-08
Netherlands Antilles,I do not identify with any religious group or faith,9.57238277762301e-07
Netherlands Antilles,Other religious group,4.3510830807377317e-07
New Caledonia,Christianity,3.08926898732379e-05
New Caledonia,Islam,1.0152527188388039e-06
New Caledonia,Hinduism,1.8129512836407214e-08
New Caledonia,Buddhism,2.1755415403688658e-07
New Caledonia,Judaism,1.8129512836407214e-08
New Caledonia,I do not identify with any religious group or faith,3.7709386699727015e-06
New Caledonia,Other religious group,3.625902567281443e-07
New Zealand,Christianity,0.0003612704281936539
New Zealand,Islam,7.605693225129555e-06
New Zealand,Hinduism,1.330996314397672e-05
New Zealand,Buddhism,1.014092430017274e-05
New Zealand,Judaism,1.2676155375215926e-06
New Zealand,I do not identify with any religious group or faith,0.00023197364336645143
New Zealand,Other religious group,7.605693225129555e-06
Nicaragua,Christianity,0.0007205132516716839
Nicaragua,Islam,4.198795172911911e-07
Nicaragua,Hinduism,4.198795172911911e-07
Nicaragua,Buddhism,4.198795172911911e-07
Nicaragua,Judaism,4.198795172911911e-07
Nicaragua,I do not identify with any religious group or faith,0.00010496987932279778
Nicaragua,Other religious group,1.2596385518735734e-05
Niger,Christianity,1.799607962193126e-05
Niger,Islam,0.002213517793497545
Niger,Hinduism,1.1247549763707037e-06
Niger,Buddhism,1.1247549763707037e-06
Niger,Judaism,1.1247549763707037e-06
Niger,I do not identify with any religious group or faith,1.574656966918985e-05
Niger,Other religious group,2.2495099527414074e-06
Nigeria,Christianity,0.01132747335845608
Nigeria,Islam,0.011212590261514336
Nigeria,Hinduism,1.1488309694174525e-05
Nigeria,Buddhism,1.1488309694174525e-05
Nigeria,Judaism,1.1488309694174525e-05
Nigeria,I do not identify with any religious group or faith,9.19064775533962e-05
Nigeria,Other religious group,0.0003331609811310612
Niue,Christianity,1.3981480299437244e-06
Niue,Islam,7.251805134562886e-10
Niue,Hinduism,7.251805134562886e-10
Niue,Buddhism,7.251805134562886e-10
Niue,Judaism,7.251805134562886e-10
Niue,I do not identify with any religious group or faith,4.786191388811505e-08
Niue,Other religious group,3.625902567281443e-09
North Korea,Christianity,7.063258201064252e-05
North Korea,Islam,1.7658145502660627e-06
North Korea,Hinduism,1.7658145502660627e-06
North Korea,Buddhism,5.2974436507981885e-05
North Korea,Judaism,1.7658145502660627e-06
North Korea,I do not identify with any religious group or faith,0.0025180515486794056
North Korea,Other religious group,0.0008899705333340957
Northern Mariana Is.,Christianity,7.074861089279552e-06
Northern Mariana Is.,Islam,6.091516313032823e-08
Northern Mariana Is.,Hinduism,4.351083080737732e-09
Northern Mariana Is.,Buddhism,9.224296131163992e-07
Northern Mariana Is.,Judaism,4.351083080737732e-09
Northern Mariana Is.,I do not identify with any religious group or faith,8.702166161475463e-08
Northern Mariana Is.,Other religious group,5.569386343344297e-07
Norway,Christianity,0.000599486425419937
Norway,Islam,2.61877187019335e-05
Norway,Hinduism,3.5388809056666884e-06
Norway,Buddhism,4.246657086800026e-06
Norway,Judaism,3.5388809056666886e-07
Norway,I do not identify with any religious group or faith,7.14853942944671e-05
Norway,Other religious group,1.7694404528333442e-06
Oman,Christianity,2.620802375631027e-05
Oman,Islam,0.00034634911394877736
Oman,Hinduism,2.2176020101493304e-05
Oman,Buddhism,3.225602923853572e-06
Oman,Judaism,2.0160018274084824e-07
Oman,I do not identify with any religious group or faith,8.06400730963393e-07
Oman,Other religious group,4.2336038375578125e-06
Pakistan,Christianity,0.00040282907305880684
Pakistan,Islam,0.024270451651793114
Pakistan,Hinduism,0.00047835952425733316
Pakistan,Buddhism,1.2588408533087714e-05
Pakistan,Judaism,1.2588408533087714e-05
Pakistan,I do not identify with any religious group or faith,1.2588408533087714e-05
Pakistan,Other religious group,2.5176817066175427e-05
Palau,Christianity,2.514926020666409e-06
Palau,Islam,1.4503610269125773e-09
Palau,Hinduism,1.4503610269125773e-09
Palau,Buddhism,2.3205776430601237e-08
Palau,Judaism,1.4503610269125773e-09
Palau,I do not identify with any religious group or faith,3.4808664645901853e-08
Palau,Other religious group,3.248808700284174e-07
Palestinian territories,Christianity,1.4062700516944348e-05
Palestinian territories,Islam,0.0005718831543557369
Palestinian territories,Hinduism,2.929729274363406e-07
Palestinian territories,Buddhism,2.929729274363406e-07
Palestinian territories,Judaism,2.929729274363406e-07
Palestinian territories,I do not identify with any religious group or faith,2.929729274363406e-07
Palestinian territories,Other religious group,5.859458548726812e-07
Panama,Christianity,0.0004747901857701013
Panama,Islam,3.5736895703125897e-06
Panama,Hinduism,2.552635407366136e-07
Panama,Buddhism,1.0210541629464543e-06
Panama,Judaism,2.0421083258929086e-06
Panama,I do not identify with any religious group or faith,2.4505299910714905e-05
Panama,Other religious group,4.084216651785817e-06
Papua New Guinea,Christianity,0.0009869880831463317
Papua New Guinea,Islam,4.97473832231014e-07
Papua New Guinea,Hinduism,4.97473832231014e-07
Papua New Guinea,Buddhism,4.97473832231014e-07
Papua New Guinea,Judaism,4.97473832231014e-07
Papua New Guinea,I do not identify with any religious group or faith,4.97473832231014e-07
Papua New Guinea,Other religious group,5.969685986772169e-06
Paraguay,Christianity,0.0009064828936254954
Paraguay,Islam,4.6774143117930616e-07
Paraguay,Hinduism,4.6774143117930616e-07
Paraguay,Buddhism,4.6774143117930616e-07
Paraguay,Judaism,4.6774143117930616e-07
Paraguay,I do not identify with any religious group or faith,1.0290311485944735e-05
Paraguay,Other religious group,1.7774174384813633e-05
Peru,Christianity,0.004027855622279994
Peru,Islam,2.1088249331308875e-06
Peru,Hinduism,2.1088249331308875e-06
Peru,Buddhism,8.43529973252355e-06
Peru,Judaism,2.1088249331308875e-06
Peru,I do not identify with any religious group or faith,0.00012652949598785323
Peru,Other religious group,5.482944826140308e-05
Philippines,Christianity,0.01252513798364968
Philippines,Islam,0.0007439336815342683
Philippines,Hinduism,6.763033468493348e-06
Philippines,Buddhism,6.763033468493348e-06
Philippines,Judaism,6.763033468493348e-06
Philippines,I do not identify with any religious group or faith,1.3526066936986695e-05
Philippines,Other religious group,0.00021641707099178713
Poland,Christianity,0.005235519036393129
Poland,Islam,2.775991005510673e-06
Poland,Hinduism,2.775991005510673e-06
Poland,Buddhism,2.775991005510673e-06
Poland,Judaism,2.775991005510673e-06
Poland,I do not identify with any religious group or faith,0.0003109109926171954
Poland,Other religious group,5.551982011021346e-06
Portugal,Christianity,0.0014529484709845893
Portugal,Islam,9.293913460455795e-06
Portugal,Hinduism,1.5489855767426324e-06
Portugal,Buddhism,9.293913460455795e-06
Portugal,Judaism,7.744927883713162e-07
Portugal,I do not identify with any religious group or faith,6.815536537667584e-05
Portugal,Other religious group,8.51942067208448e-06
Puerto Rico,Christianity,0.0005259371673841733
Puerto Rico,Islam,2.7194269254610825e-07
Puerto Rico,Hinduism,2.7194269254610825e-07
Puerto Rico,Buddhism,1.6316561552766493e-06
Puerto Rico,Judaism,2.7194269254610825e-07
Puerto Rico,I do not identify with any religious group or faith,1.0333822316752112e-05
Puerto Rico,Other religious group,4.894968465829949e-06
Qatar,Christianity,3.522636862165268e-05
Qatar,Islam,0.0001728134170786874
Qatar,Hinduism,3.522636862165268e-05
Qatar,Buddhism,7.913169762835022e-06
Qatar,Judaism,1.276317703683068e-07
Qatar,I do not identify with any religious group or faith,2.2973718666295225e-06
Qatar,Other religious group,1.914476555524602e-06
Republic of Macedonia,Christianity,0.0001771732023255866
Republic of Macedonia,Islam,0.0001174183280167884
Republic of Macedonia,Hinduism,1.4938718577199546e-07
Republic of Macedonia,Buddhism,1.4938718577199546e-07
Republic of Macedonia,Judaism,1.4938718577199546e-07
Republic of Macedonia,I do not identify with any religious group or faith,4.182841201615872e-06
Republic of Macedonia,Other religious group,2.987743715439909e-07
Republic of the Congo,Christianity,0.0005033274893356332
Republic of the Congo,Islam,7.031350258472174e-06
Republic of the Congo,Hinduism,2.929729274363406e-07
Republic of the Congo,Buddhism,2.929729274363406e-07
Republic of the Congo,Judaism,2.929729274363406e-07
Republic of the Congo,I do not identify with any religious group or faith,5.2735126938541305e-05
Republic of the Congo,Other religious group,2.2851888340034568e-05
Reunion,Christianity,0.00010799388206391049
Reunion,Islam,5.177788866077901e-06
Reunion,Hinduism,5.547630927940608e-06
Reunion,Buddhism,2.4656137457513814e-07
Reunion,Judaism,6.164034364378453e-08
Reunion,I do not identify with any religious group or faith,2.4656137457513813e-06
Reunion,Other religious group,1.849210309313536e-06
Romania,Christianity,0.003101241717600953
Romania,Islam,9.350477540505385e-06
Romania,Hinduism,1.5584129234175643e-06
Romania,Buddhism,1.5584129234175643e-06
Romania,Judaism,1.5584129234175643e-06
Romania,I do not identify with any religious group or faith,3.1168258468351287e-06
Romania,Other religious group,3.1168258468351287e-06
Russia,Christianity,0.015198286789464036
Russia,Islam,0.0020734361240742206
Russia,Hinduism,1.0367180620371101e-05
Russia,Buddhism,2.0734361240742203e-05
Russia,Judaism,4.1468722481484405e-05
Russia,I do not identify with any religious group or faith,0.003358966521000237
Russia,Other religious group,5.183590310185551e-05
Rwanda,Christianity,0.0014386247054828008
Rwanda,Islam,2.772510139046083e-05
Rwanda,Hinduism,7.701417052905785e-07
Rwanda,Buddhism,7.701417052905785e-07
Rwanda,Judaism,7.701417052905785e-07
Rwanda,I do not identify with any religious group or faith,5.545020278092166e-05
Rwanda,Other religious group,1.8483400926973884e-05
Samoa,Christianity,2.5271090532924747e-05
Samoa,Islam,1.3053249242213195e-08
Samoa,Hinduism,1.3053249242213195e-08
Samoa,Buddhism,1.3053249242213195e-08
Samoa,Judaism,1.3053249242213195e-08
Samoa,I do not identify with any religious group or faith,6.526624621106598e-07
Samoa,Other religious group,1.1747924317991877e-07
San Marino,Christianity,3.985592101955762e-06
San Marino,Islam,2.175541540368866e-09
San Marino,Hinduism,2.175541540368866e-09
San Marino,Buddhism,2.175541540368866e-09
San Marino,Judaism,1.3053249242213195e-08
San Marino,I do not identify with any religious group or faith,3.1327798181311673e-07
San Marino,Other religious group,4.133528926700846e-08
Sao Tome and Principe,Christianity,2.0267344990076353e-05
Sao Tome and Principe,Islam,1.2328068728756906e-08
Sao Tome and Principe,Hinduism,1.2328068728756906e-08
Sao Tome and Principe,Buddhism,1.2328068728756906e-08
Sao Tome and Principe,Judaism,1.2328068728756906e-08
Sao Tome and Principe,I do not identify with any religious group or faith,3.1066733196467403e-06
Sao Tome and Principe,Other religious group,1.306775285248232e-06
Saudi Arabia,Christianity,0.0001751746048305011
Saudi Arabia,Islam,0.003702554147553773
Saudi Arabia,Hinduism,4.379365120762528e-05
Saudi Arabia,Buddhism,1.1943723056625074e-05
Saudi Arabia,Judaism,1.9906205094375122e-06
Saudi Arabia,I do not identify with any religious group or faith,2.7868687132125167e-05
Saudi Arabia,Other religious group,2.388744611325015e-05
Senegal,Christianity,6.490075523228401e-05
Senegal,Islam,0.0017378980012200498
Senegal,Hinduism,9.013993782261667e-07
Senegal,Buddhism,9.013993782261667e-07
Senegal,Judaism,9.013993782261667e-07
Senegal,I do not identify with any religious group or faith,9.013993782261667e-07
Senegal,Other religious group,1.8027987564523334e-06
Serbia,Christianity,0.001042410729067742
Serbia,Islam,4.7331081752265044e-05
Serbia,Hinduism,5.634652589555362e-07
Serbia,Buddhism,5.634652589555362e-07
Serbia,Judaism,5.634652589555362e-07
Serbia,I do not identify with any religious group or faith,3.718870709106539e-05
Serbia,Other religious group,1.1269305179110725e-06
Seychelles,Christianity,1.2270054287680404e-05
Seychelles,Islam,1.4358574166434516e-07
Seychelles,Hinduism,2.741182340864771e-07
Seychelles,Buddhism,6.5266246211065975e-09
Seychelles,Judaism,6.5266246211065975e-09
Seychelles,I do not identify with any religious group or faith,2.741182340864771e-07
Seychelles,Other religious group,8.484612007438577e-08
Sierra Leone,Christianity,0.0001779346418647157
Sierra Leone,Islam,0.0006640622997821927
Sierra Leone,Hinduism,4.2568096139884143e-07
Sierra Leone,Buddhism,4.2568096139884143e-07
Sierra Leone,Judaism,4.2568096139884143e-07
Sierra Leone,I do not identify with any religious group or faith,8.513619227976829e-07
Sierra Leone,Other religious group,7.236576343780304e-06
Singapore,Christianity,0.00013435854481112734
Singapore,Islam,0.00010556742806588577
Singapore,Hinduism,3.8388155660322094e-05
Singapore,Buddhism,0.0002502612455547921
Singapore,Judaism,3.6911688134925093e-07
Singapore,I do not identify with any religious group or faith,0.00012107033708255428
Singapore,Other religious group,8.858805152382022e-05
Slovakia,Christianity,0.0006754882439522099
Slovakia,Islam,1.5837942413885344e-06
Slovakia,Hinduism,3.959485603471336e-07
Slovakia,Buddhism,3.959485603471336e-07
Slovakia,Judaism,3.959485603471336e-07
Slovakia,I do not identify with any religious group or faith,0.00011324128825928022
Slovakia,Other religious group,7.918971206942672e-07
Slovenia,Christianity,0.00023082785815519048
Slovenia,Islam,1.0599238384677117e-05
Slovenia,Hinduism,1.472116442316266e-07
Slovenia,Buddhism,1.472116442316266e-07
Slovenia,Judaism,1.472116442316266e-07
Slovenia,I do not identify with any religious group or faith,5.299619192338557e-05
Slovenia,Other religious group,2.944232884632532e-07
Solomon Islands,Christianity,7.628318857149391e-05
Solomon Islands,Islam,3.9159747726639585e-08
Solomon Islands,Hinduism,3.9159747726639585e-08
Solomon Islands,Buddhism,2.349584863598375e-07
Solomon Islands,Judaism,3.9159747726639585e-08
Solomon Islands,I do not identify with any religious group or faith,1.5663899090655834e-07
Solomon Islands,Other religious group,1.5663899090655835e-06
Somalia,Christianity,6.765934190547172e-07
Somalia,Islam,0.0013504804644332157
Somalia,Hinduism,6.765934190547172e-07
Somalia,Buddhism,6.765934190547172e-07
Somalia,Judaism,6.765934190547172e-07
Somalia,I do not identify with any religious group or faith,6.765934190547172e-07
Somalia,Other religious group,1.3531868381094345e-06
South Africa,Christianity,0.005903775780265153
South Africa,Islam,0.00012360121707451677
South Africa,Hinduism,7.997725810704024e-05
South Africa,Buddhism,1.45413196558255e-05
South Africa,Judaism,7.27065982791275e-06
South Africa,I do not identify with any religious group or faith,0.0010833283143589997
South Africa,Other religious group,5.089461879538924e-05
South Korea,Christianity,0.0020544247917334505
South Korea,Islam,1.3975678855329595e-05
South Korea,Hinduism,3.4939197138323987e-06
South Korea,Buddhism,0.0016002152289352385
South Korea,Judaism,3.4939197138323987e-06
South Korea,I do not identify with any religious group or faith,0.0032423574944364657
South Korea,Other religious group,6.987839427664798e-05
South Sudan,Christianity,0.0008730810791756987
South Sudan,Islam,8.947277175023689e-05
South Sudan,Hinduism,7.215546108890071e-07
South Sudan,Buddhism,7.215546108890071e-07
South Sudan,Judaism,7.215546108890071e-07
South Sudan,I do not identify with any religious group or faith,7.215546108890072e-06
South Sudan,Other religious group,0.0004755044885758557
Spain,Christianity,0.00525304519904234
Spain,Islam,0.00014034853585227628
Spain,Hinduism,3.341631806006578e-06
Spain,Buddhism,3.341631806006578e-06
Spain,Judaism,6.683263612013156e-06
Spain,I do not identify with any religious group or faith,0.0012698200862824997
Spain,Other religious group,6.683263612013156e-06
Sri Lanka,Christianity,0.00022085807645619345
Sri Lanka,Islam,0.00029649440400968433
Sri Lanka,Hinduism,0.00041146162189099054
Sri Lanka,Buddhism,0.0020966389997827675
Sri Lanka,Judaism,1.512726551069818e-06
Sri Lanka,I do not identify with any religious group or faith,1.512726551069818e-06
Sri Lanka,Other religious group,3.025453102139636e-06
St. Helena,Christianity,1.399598390970637e-06
St. Helena,Islam,7.251805134562886e-10
St. Helena,Hinduism,7.251805134562886e-10
St. Helena,Buddhism,7.251805134562886e-10
St. Helena,Judaism,7.251805134562886e-10
St. Helena,I do not identify with any religious group or faith,4.786191388811505e-08
St. Helena,Other religious group,3.625902567281443e-09
St. Kitts and Nevis,Christianity,6.8602076572964905e-06
St. Kitts and Nevis,Islam,2.175541540368866e-08
St. Kitts and Nevis,Hinduism,1.0877707701844329e-07
St. Kitts and Nevis,Buddhism,3.625902567281443e-09
St. Kitts and Nevis,Judaism,3.625902567281443e-09
St. Kitts and Nevis,I do not identify with any religious group or faith,1.1602888215300617e-07
St. Kitts and Nevis,Other religious group,1.5228790782582062e-07
St. Lucia,Christianity,2.2461741223795084e-05
St. Lucia,Islam,2.4656137457513812e-08
St. Lucia,Hinduism,7.396841237254144e-08
St. Lucia,Buddhism,1.2328068728756906e-08
St. Lucia,Judaism,1.2328068728756906e-08
St. Lucia,I do not identify with any religious group or faith,1.4793682474508287e-06
St. Lucia,Other religious group,6.164034364378453e-07
St. Pierre and Miquelon,Christianity,1.3734918924862106e-06
St. Pierre and Miquelon,Islam,2.9007220538251546e-09
St. Pierre and Miquelon,Hinduism,7.251805134562886e-10
St. Pierre and Miquelon,Buddhism,7.251805134562886e-10
St. Pierre and Miquelon,Judaism,7.251805134562886e-10
St. Pierre and Miquelon,I do not identify with any religious group or faith,5.511371902267794e-08
St. Pierre and Miquelon,Other religious group,1.9579873863319796e-08
St. Vincent and the Gren.,Christianity,1.4151172539586016e-05
St. Vincent and the Gren.,Islam,2.3930956944057526e-07
St. Vincent and the Gren.,Hinduism,5.42435024065304e-07
St. Vincent and the Gren.,Buddhism,7.976985648019174e-09
St. Vincent and the Gren.,Judaism,7.976985648019174e-09
St. Vincent and the Gren.,I do not identify with any religious group or faith,3.9884928240095876e-07
St. Vincent and the Gren.,Other religious group,6.38158851841534e-07
Sudan,Christianity,0.00026315350472301807
Sudan,Islam,0.004420004236736617
Sudan,Hinduism,2.43660652521313e-06
Sudan,Buddhism,2.43660652521313e-06
Sudan,Judaism,2.43660652521313e-06
Sudan,I do not identify with any religious group or faith,4.8732130504262596e-05
Sudan,Other religious group,0.00013888657193714837
Suriname,Christianity,3.891608707411827e-05
Suriname,Islam,1.146365355671701e-05
Suriname,Hinduism,1.4932917133091895e-05
Suriname,Buddhism,4.525126403967241e-07
Suriname,Judaism,1.5083754679890804e-07
Suriname,I do not identify with any religious group or faith,4.072613763570517e-06
Suriname,Other religious group,5.354732911361235e-06
Swaziland,Christianity,0.00015205439970048768
Swaziland,Islam,3.4518592440519337e-07
Swaziland,Hinduism,1.7259296220259669e-07
Swaziland,Buddhism,8.629648110129834e-08
Swaziland,Judaism,8.629648110129834e-08
Swaziland,I do not identify with any religious group or faith,1.7431889182462262e-05
Swaziland,Other religious group,2.4163014708363537e-06
Sweden,Christianity,0.0009142147682599663
Sweden,Islam,6.258017758922389e-05
Sweden,Hinduism,2.720877286487995e-06
Sweden,Buddhism,5.44175457297599e-06
Sweden,I do not identify with any religious group or faith,0.00036731843367587933
Sweden,Other religious group,5.44175457297599e-06
Switzerland,Christianity,0.0009032239323980228
Switzerland,Islam,6.110371006382688e-05
Switzerland,Hinduism,4.443906186460136e-06
Switzerland,Buddhism,4.443906186460136e-06
Switzerland,I do not identify with any religious group or faith,0.0001322062090471891
Switzerland,Other religious group,1.6664648199225515e-06
Syria,Christianity,0.00015392971650828564
Syria,Islam,0.002747053402301713
Syria,Hinduism,1.480093427964285e-06
Syria,Buddhism,1.480093427964285e-06
Syria,Judaism,1.480093427964285e-06
Syria,I do not identify with any religious group or faith,5.9203737118571404e-05
Syria,Other religious group,2.96018685592857e-06
Taiwan,Christianity,0.00018522560674700525
Taiwan,Islam,1.6838691522455021e-06
Taiwan,Hinduism,1.6838691522455021e-06
Taiwan,Buddhism,0.0007173282588565839
Taiwan,Judaism,1.6838691522455021e-06
Taiwan,I do not identify with any religious group or faith,0.00042770276467035754
Taiwan,Other religious group,0.002034113935912567
Tajikistan,Christianity,1.596557418425365e-05
Tajikistan,Islam,0.0009649193897608301
Tajikistan,Hinduism,4.989241932579266e-07
Tajikistan,Buddhism,4.989241932579266e-07
Tajikistan,Judaism,4.989241932579266e-07
Tajikistan,I do not identify with any religious group or faith,1.4967725797737797e-05
Tajikistan,Other religious group,9.978483865158532e-07
Tanzania,Christianity,0.003993099170631061
Tanzania,Islam,0.002289203433325951
Tanzania,Hinduism,6.503418844675996e-06
Tanzania,Buddhism,3.251709422337998e-06
Tanzania,Judaism,3.251709422337998e-06
Tanzania,I do not identify with any religious group or faith,9.104786382546393e-05
Tanzania,Other religious group,0.00012031324862650595
Thailand,Christianity,9.022405876217763e-05
Thailand,Islam,0.0005513692479910854
Thailand,Hinduism,1.0024895418019734e-05
Thailand,Buddhism,0.009343202529594393
Thailand,Judaism,5.012447709009867e-06
Thailand,I do not identify with any religious group or faith,3.00746862540592e-05
Thailand,Other religious group,1.0024895418019734e-05
Timor-Leste,Christianity,0.00016179067327415182
Timor-Leste,Islam,1.6244043501420864e-07
Timor-Leste,Hinduism,8.122021750710432e-08
Timor-Leste,Buddhism,8.122021750710432e-08
Timor-Leste,Judaism,8.122021750710432e-08
Timor-Leste,I do not identify with any religious group or faith,8.122021750710432e-08
Timor-Leste,Other religious group,2.4366065252131303e-07
Togo,Christianity,0.0003821860845627602
Togo,Islam,0.0001224394778919598
Togo,Hinduism,4.3728384961414203e-07
Togo,Buddhism,4.3728384961414203e-07
Togo,Judaism,4.3728384961414203e-07
Togo,I do not identify with any religious group or faith,5.4223197352153614e-05
Togo,Other religious group,0.0003165935071206389
Tokelau,Christianity,1.447460304858752e-06
Tokelau,Islam,7.251805134562886e-10
Tokelau,Hinduism,7.251805134562886e-10
Tokelau,Buddhism,7.251805134562886e-10
Tokelau,Judaism,7.251805134562886e-10
Tokelau,I do not identify with any religious group or faith,7.251805134562886e-10
Tokelau,Other religious group,3.625902567281443e-09
Tonga,Christianity,1.434407055616539e-05
Tonga,Islam,7.251805134562886e-09
Tonga,Hinduism,1.4503610269125772e-08
Tonga,Buddhism,7.251805134562886e-09
Tonga,Judaism,7.251805134562886e-09
Tonga,I do not identify with any religious group or faith,7.251805134562886e-09
Tonga,Other religious group,1.3778429755669486e-07
Trinidad and Tobago,Christianity,0.00012807558084254204
Trinidad and Tobago,Islam,1.1466554278770836e-05
Trinidad and Tobago,Hinduism,4.4117081716626776e-05
Trinidad and Tobago,Buddhism,5.830451328188561e-07
Trinidad and Tobago,Judaism,9.717418880314268e-08
Trinidad and Tobago,I do not identify with any religious group or faith,3.6926191745194217e-06
Trinidad and Tobago,Other religious group,6.413496461007417e-06
Tunisia,Christianity,3.039956712408762e-06
Tunisia,Islam,0.0015123784644233591
Tunisia,Hinduism,7.599891781021904e-07
Tunisia,Buddhism,7.599891781021904e-07
Tunisia,Judaism,7.599891781021904e-07
Tunisia,I do not identify with any religious group or faith,3.039956712408762e-06
Tunisia,Other religious group,1.519978356204381e-06
Turkey,Christianity,4.2205505883156e-05
Turkey,Islam,0.01034034894137322
Turkey,Hinduism,5.2756882353945e-06
Turkey,Buddhism,5.2756882353945e-06
Turkey,Judaism,5.2756882353945e-06
Turkey,I do not identify with any religious group or faith,0.000126616517649468
Turkey,Other religious group,2.6378441176972498e-05
Turkmenistan,Christianity,4.678284528409209e-05
Turkmenistan,Islam,0.0006798132205344632
Turkmenistan,Hinduism,3.6549097878196946e-07
Turkmenistan,Buddhism,3.6549097878196946e-07
Turkmenistan,Judaism,3.6549097878196946e-07
Turkmenistan,I do not identify with any religious group or faith,3.6549097878196945e-06
Turkmenistan,Other religious group,7.309819575639389e-07
Turks and Caicos Islands,Christianity,5.343130023145934e-06
Turks and Caicos Islands,Islam,2.9007220538251546e-09
Turks and Caicos Islands,Hinduism,2.9007220538251546e-09
Turks and Caicos Islands,Buddhism,2.9007220538251546e-09
Turks and Caicos Islands,Judaism,2.9007220538251546e-09
Turks and Caicos Islands,I do not identify with any religious group or faith,2.6686642895191423e-07
Turks and Caicos Islands,Other religious group,1.914476555524602e-07
Tuvalu,Christianity,1.4024991130244623e-06
Tuvalu,Islam,1.4503610269125773e-09
Tuvalu,Hinduism,7.251805134562886e-10
Tuvalu,Buddhism,7.251805134562886e-10
Tuvalu,Judaism,7.251805134562886e-10
Tuvalu,I do not identify with any religious group or faith,1.8854693349863505e-08
Tuvalu,Other religious group,2.8282040024795256e-08
U.S. Virgin Islands,Christianity,1.5124364788644356e-05
U.S. Virgin Islands,Islam,1.595397129603835e-08
U.S. Virgin Islands,Hinduism,6.38158851841534e-08
U.S. Virgin Islands,Buddhism,7.976985648019174e-09
U.S. Virgin Islands,I do not identify with any religious group or faith,5.90296937953419e-07
U.S. Virgin Islands,Other religious group,1.0370081342424928e-07
Uganda,Christianity,0.004202441380533569
Uganda,Islam,0.0005574172534733109
Uganda,Hinduism,1.45413196558255e-05
Uganda,Buddhism,2.4235532759709166e-06
Uganda,Judaism,2.4235532759709166e-06
Uganda,I do not identify with any religious group or faith,2.4235532759709166e-05
Uganda,Other religious group,4.847106551941833e-05
Ukraine,Christianity,0.005524004546812202
Ukraine,Islam,7.910269040781196e-05
Ukraine,Hinduism,3.2959454336588316e-06
Ukraine,Buddhism,3.2959454336588316e-06
Ukraine,I do not identify with any religious group or faith,0.0009690079574956966
Ukraine,Other religious group,6.591890867317663e-06
United Arab Emirates,Christianity,0.00013724186253262954
United Arab Emirates,Islam,0.0008376110499015247
United Arab Emirates,Hinduism,7.18885946599488e-05
United Arab Emirates,Buddhism,2.1784422624226912e-05
United Arab Emirates,Judaism,5.446105656056728e-07
United Arab Emirates,I do not identify with any religious group or faith,1.1981432443324803e-05
United Arab Emirates,Other religious group,9.258379615296437e-06
United Kingdom,Christianity,0.006397606305596562
United Kingdom,Islam,0.00039591375168248775
United Kingdom,Hinduism,0.0001169745175425532
United Kingdom,Buddhism,3.599215924386252e-05
United Kingdom,I do not identify with any religious group or faith,0.001916582479735679
United Kingdom,Other religious group,9.897843792062194e-05
United States,Christianity,0.03524776724824374
United States,Islam,0.0004051467499798132
United States,Hinduism,0.0002700978333198754
United States,Buddhism,0.0005401956666397508
United States,I do not identify with any religious group or faith,0.007382674110743261
United States,Other religious group,0.0003601304444265006
Uruguay,Christianity,0.00028299879465426277
Uruguay,Islam,2.443858330347693e-07
Uruguay,Hinduism,2.443858330347693e-07
Uruguay,Buddhism,2.443858330347693e-07
Uruguay,I do not identify with any religious group or faith,0.0001989300680903022
Uruguay,Other religious group,5.376488326764925e-06
Uzbekistan,Christianity,9.153518513050657e-05
Uzbekistan,Islam,0.0038484575661391247
Uzbekistan,Hinduism,1.989895328924056e-06
Uzbekistan,Buddhism,1.989895328924056e-06
Uzbekistan,Judaism,1.989895328924056e-06
Uzbekistan,I do not identify with any religious group or faith,3.1838325262784896e-05
Uzbekistan,Other religious group,3.979790657848112e-06
Vanuatu,Christianity,3.247648411462643e-05
Vanuatu,Islam,1.7404332322950927e-08
Vanuatu,Hinduism,1.7404332322950927e-08
Vanuatu,Buddhism,1.7404332322950927e-08
Vanuatu,Judaism,1.7404332322950927e-08
Vanuatu,I do not identify with any religious group or faith,4.1770397575082224e-07
Vanuatu,Other religious group,1.914476555524602e-06
Vatican City,Islam,7.251805134562886e-10
Vatican City,Hinduism,7.251805134562886e-10
Vatican City,Buddhism,7.251805134562886e-10
Vatican City,Judaism,7.251805134562886e-10
Vatican City,I do not identify with any religious group or faith,7.251805134562886e-10
Vatican City,Other religious group,1.4503610269125773e-09
Venezuela,Christianity,0.0037534096066014354
Venezuela,Islam,1.2609438767977947e-05
Venezuela,Hinduism,2.1015731279963246e-06
Venezuela,Buddhism,2.1015731279963246e-06
Venezuela,Judaism,2.1015731279963246e-06
Venezuela,I do not identify with any religious group or faith,0.00042031462559926486
Venezuela,Other religious group,1.0507865639981622e-05
Vietnam,Christianity,0.0010447965729570132
Vietnam,Islam,2.5482843242853982e-05
Vietnam,Hinduism,6.3707108107134955e-06
Vietnam,Buddhism,0.0020895931459140264
Vietnam,Judaism,6.3707108107134955e-06
Vietnam,I do not identify with any religious group or faith,0.00377146079994239
Vietnam,Other religious group,0.005822829680992135
Wallis and Futuna,Christianity,1.4126516402128502e-06
Wallis and Futuna,Islam,7.251805134562886e-10
Wallis and Futuna,Hinduism,7.251805134562886e-10
Wallis and Futuna,Buddhism,7.251805134562886e-10
Wallis and Futuna,Judaism,7.251805134562886e-10
Wallis and Futuna,I do not identify with any religious group or faith,8.702166161475463e-09
Wallis and Futuna,Other religious group,2.9007220538251543e-08
Western Sahara,Christianity,1.5373826885273318e-07
Western Sahara,Islam,7.640791961980839e-05
Western Sahara,Hinduism,3.8434567213183294e-08
Western Sahara,Buddhism,3.8434567213183294e-08
Western Sahara,Judaism,3.8434567213183294e-08
Western Sahara,I do not identify with any religious group or faith,3.0747653770546635e-07
Western Sahara,Other religious group,7.686913442636659e-08
Yemen,Christianity,6.9762365394494966e-06
Yemen,Islam,0.0034567252052972253
Yemen,Hinduism,2.0928709618348488e-05
Yemen,Buddhism,1.7440591348623741e-06
Yemen,Judaism,1.7440591348623741e-06
Yemen,I do not identify with any religious group or faith,3.4881182697247483e-06
Yemen,Other religious group,3.4881182697247483e-06
Zambia,Christianity,0.0018529580422070781
Zambia,Islam,9.492612921142818e-06
Zambia,Hinduism,1.8985225842285637e-06
Zambia,Buddhism,9.492612921142818e-07
Zambia,Judaism,9.492612921142818e-07
Zambia,I do not identify with any religious group or faith,9.492612921142818e-06
Zambia,Other religious group,2.2782271010742764e-05
Zimbabwe,Christianity,0.0015861003154213254
Zimbabwe,Islam,1.6407934297461988e-05
Zimbabwe,Hinduism,9.115519054145548e-07
Zimbabwe,Buddhism,9.115519054145548e-07
Zimbabwe,Judaism,9.115519054145548e-07
Zimbabwe,I do not identify with any religious group or faith,0.00014402520105549966
Zimbabwe,Other religious group,7.474725624399348e-05
